comment_id,post_id,post_title,post_permalink,subreddit,comment,score,date_posted
ow3tkwn,1upxzoi,Embedded HW Projects always run out of hardware?,https://old.reddit.com/r/embedded/comments/1upxzoi/embedded_hw_projects_always_run_out_of_hardware/,embedded,Me: “your HW board is going out today so you can start development.” Them: (a couple days later) “so we hooked it up and we heard a “pop” we think we connected power and gnd reverse polarity. Can you send another board?” This kind of stuff happens on the reg.,28,2026-07-07T15:52:20+00:00
ow103cs,1upiza8,Anyone here makes a living designing and selling embedded hardware/firmware?,https://old.reddit.com/r/embedded/comments/1upiza8/anyone_here_makes_a_living_designing_and_selling/,embedded,"I am in the US. I make both turnkey products for specific applications and I make products that we sell exclusively. For anyone that wants to go solo I would have this advice: General embedded consulting work doesn't pay particularly well. The reason for this is most of what you end up doing is the work at the beginning of the product development cycle when the people contracting you have the least money and the least understanding of the market for their product. You can easily end up not getting paid or chasing them for money once they realize they had you do a bunch of work that will not result in viable product. The exception is when you are highly specialized in a particular area. Like say you are an RF engineer and you kept your eyes open enough to know all the steps to build an RF design and get it certified at the lowest cost, that's extremely valuable and I know guys who retired and just do RF consulting and do well with it. Alternately there are guys who like making things and think that translates into a product when most of the time it does not. I have many successful products under my belt but those pale in comparison to the amount of cool things I made that can never be a viable product for any number of reasons. If you cant be dispassionate about a project where 4 of 5 critical things are solved but the one is unsolved then you can easily get into a loss aversion situation where you are pursuing a dead end and you aren't making money.",15,2026-07-07T05:04:52+00:00
ow0kbxv,1upiza8,Anyone here makes a living designing and selling embedded hardware/firmware?,https://old.reddit.com/r/embedded/comments/1upiza8/anyone_here_makes_a_living_designing_and_selling/,embedded,I make and sell products. I have done a bit of consulting in the past but it doesn’t pay consistently as you are making things for people who aren’t necessarily good businessmen. With products you control everything so you have a better chance of profiting. You do however need to be willing to shoulder the risks. This is difficult for a lot of engineers/coders which is why it’s better for them to just work for someone else.,32,2026-07-07T03:19:26+00:00
ovj6v7m,1un6x6s,What emulator do you use,https://old.reddit.com/r/embedded/comments/1un6x6s/what_emulator_do_you_use/,embedded,Emulators are a tool. You use whatever tool is best for your application. You basically asked “what tool in your toolbox do you use?”,1,2026-07-04T16:40:24+00:00
ovj5ntl,1un6x6s,What emulator do you use,https://old.reddit.com/r/embedded/comments/1un6x6s/what_emulator_do_you_use/,embedded,Well you asked a stupid question.,1,2026-07-04T16:34:40+00:00
ovj3z60,1un6x6s,What emulator do you use,https://old.reddit.com/r/embedded/comments/1un6x6s/what_emulator_do_you_use/,embedded,Mame,1,2026-07-04T16:26:36+00:00
ovj1kxr,1uncdin,do companies in embedded systems programming hire freshers,https://old.reddit.com/r/embedded/comments/1uncdin/do_companies_in_embedded_systems_programming_hire/,embedded,Yes. With freshers on the job experience is less critical than getting someone without the zero-sum thinking that is so prevalent.,1,2026-07-04T16:15:11+00:00
ovfqqh1,1umx6ee,"NXP account creation - takes 2+ hours to send 10 minute verification code, am I missing something?",https://old.reddit.com/r/embedded/comments/1umx6ee/nxp_account_creation_takes_2_hours_to_send_10/,embedded,Nope. Pretty standard NXP for like the last decade.,23,2026-07-04T02:36:57+00:00
ovd2b9a,1umch0q,Car Key fob reverse engineering,https://old.reddit.com/r/embedded/comments/1umch0q/car_key_fob_reverse_engineering/,embedded,"Receivers generally don’t lock out after replay attempts. This is because RF is imperfect and you can expect some bits to get transposed via interference. It’s a rare event but if you have 100,000 cars in the field you start getting warranty issues you have to cover.",2,2026-07-03T18:14:10+00:00
ovcgj1h,1umch0q,Car Key fob reverse engineering,https://old.reddit.com/r/embedded/comments/1umch0q/car_key_fob_reverse_engineering/,embedded,"Yeah that’s not how it works. Replay attack protection exists in the receiver, not the fob, if it exists at all. There are many modern vehicles that you can induce a replay attack.",6,2026-07-03T16:34:24+00:00
ovcfnz3,1umch0q,Car Key fob reverse engineering,https://old.reddit.com/r/embedded/comments/1umch0q/car_key_fob_reverse_engineering/,embedded,Famous internet words I have heard many times before I cracked various methods of embedded encryption over the years.,19,2026-07-03T16:30:01+00:00
ovcf3ny,1umch0q,Car Key fob reverse engineering,https://old.reddit.com/r/embedded/comments/1umch0q/car_key_fob_reverse_engineering/,embedded,You are using the wrong tool. You need to use GnuRadio and create a flow graph to demodulate and decode the remote output. Once you do that you will see a preamble that is consistent across presses and a portion that changes with each press. Open the remote and get rf chip info so you can pull more information about the encryption method.,5,2026-07-03T16:27:09+00:00
ouqpzuj,1ujty5a,Did PlatformIO change the way embedded engineers work ?,https://old.reddit.com/r/embedded/comments/1ujty5a/did_platformio_change_the_way_embedded_engineers/,embedded,"That’s fine. When I am interviewing an intern or junior I don’t care if they learned on arduino or platformio or esp-idf as long as they learned proper software design practices. Once a person has those I can ask them to install whatever toolchain and they should be able to bring up a dev board and have it do some basic stuff in an afternoon. If they have trouble doing that it shows they have relied too much on that one system and that means they aren’t adaptable. I see that a lot with arduino where they bring in a project to show and I’m like “cool let’s open up the code, make a branch and let’s change the code to do this other thing.”",4,2026-06-30T17:08:20+00:00
ouqo38g,1ujty5a,Did PlatformIO change the way embedded engineers work ?,https://old.reddit.com/r/embedded/comments/1ujty5a/did_platformio_change_the_way_embedded_engineers/,embedded,It’s not used because pio refuses to allow community contributions and is moving away from open source principles and embedded is moving towards that. It’s decent enough but it doesn’t offer features that make the performance penalty worth it. Because of this firms hiring developers aren’t looking for platformio experience.,4,2026-06-30T17:00:21+00:00
osecffo,1u97cit,Is it possible to isolate a device to a different CAN line?,https://old.reddit.com/r/embedded/comments/1u97cit/is_it_possible_to_isolate_a_device_to_a_different/,embedded,What you are asking about is a gateway or firewall and can easily be done. However that’s not needed in your application unless you are worried about the ESP32 faulting and taking down the primary CAN network which should not happen with proper design.,1,2026-06-18T15:30:36+00:00
or1q2t2,1u310vk,Is building an RTOS from scratch signing me up for doom and despair.,https://old.reddit.com/r/embedded/comments/1u310vk/is_building_an_rtos_from_scratch_signing_me_up/,embedded,Not if you use Mythos apparently.,-1,2026-06-11T15:05:03+00:00
oqlgwjn,1u0wxfg,Which embedded tool or technology felt way more complicated than it probably should’ve been when you first started using it?,https://old.reddit.com/r/embedded/comments/1u0wxfg/which_embedded_tool_or_technology_felt_way_more/,embedded,Ghidra,7,2026-06-09T06:58:12+00:00
oq0gue9,1txrka8,"ESP32 Bit Pirate - An Hardware Hacking Tool That Speaks Every Protocol - Version 1.6, new Pirate Assistant in the WebUI, USB adapter system - IR SUBGHZ WIFI BT JTAG I2C UART SPI 1WIRE 2WIRE 3WIRE RF24 ETH and more",https://old.reddit.com/r/embedded/comments/1txrka8/esp32_bit_pirate_an_hardware_hacking_tool_that/,embedded,"What, no Wiegand?",2,2026-06-06T01:27:56+00:00
oou76vr,1ts8vyi,Macbook Air for embedded development,https://old.reddit.com/r/embedded/comments/1ts8vyi/macbook_air_for_embedded_development/,embedded,"oops, Autodesk",7,2026-05-30T22:05:21+00:00
ooticcc,1ts8vyi,Macbook Air for embedded development,https://old.reddit.com/r/embedded/comments/1ts8vyi/macbook_air_for_embedded_development/,embedded,"I have been developing for 20 years and have a M1 Pro as my knockaround laptop and it’s pretty great for my workflow which is vscode plus arm-gnu, stm32 and ESP-IDF. I also use it for Fusion360 sometimes but that’s getting slower vs my windows laptop because adobe. An MacBook Air m5 should be way faster at all of those things but the screen is still not as good (although you may not care about that.)",10,2026-05-30T19:54:03+00:00
ongwk3a,1tlnres,What’s one Embedded C function or concept you wish someone had taught you on day 1?,https://old.reddit.com/r/embedded/comments/1tlnres/whats_one_embedded_c_function_or_concept_you_wish/,embedded,MISRA,31,2026-05-23T18:14:39+00:00
omd31pe,1tfxox9,How to continue after pcb design is ready,https://old.reddit.com/r/embedded/comments/1tfxox9/how_to_continue_after_pcb_design_is_ready/,embedded,I get lots of pitches from people who want help bringing a product to market. If your cost to make 5 PCB's is a few hundred dollars and you honestly believe in your product why wouldn't you scrape the money together yourself?,10,2026-05-17T20:03:19+00:00
omcqi2v,1tfxox9,How to continue after pcb design is ready,https://old.reddit.com/r/embedded/comments/1tfxox9/how_to_continue_after_pcb_design_is_ready/,embedded,Next step is make some PCBs,8,2026-05-17T18:59:38+00:00
oiyuft7,1sz3lp8,"Finally Solved: 3.97"" WeAct ePaper power consumption",https://old.reddit.com/r/embedded/comments/1sz3lp8/finally_solved_397_weact_epaper_power_consumption/,embedded,Nice job. You are already way ahead of a ton of people in the embedded field just in terms of problem solving ability.,6,2026-04-29T16:35:29+00:00
oiroy90,1sy5ki8,Use of CAN .dbc file,https://old.reddit.com/r/embedded/comments/1sy5ki8/use_of_can_dbc_file/,embedded,Yes.,14,2026-04-28T16:01:07+00:00
oii9sdl,1swuazp,How to remove flash protection on GigaDevice MCU?,https://old.reddit.com/r/embedded/comments/1swuazp/how_to_remove_flash_protection_on_gigadevice_mcu/,embedded,voltage glitch on VDD during security check.,1,2026-04-27T05:32:30+00:00
oii21ya,1sws277,What do you look for when assessing a self-built embedded system intended for real-time use?,https://old.reddit.com/r/embedded/comments/1sws277/what_do_you_look_for_when_assessing_a_selfbuilt/,embedded,"That’s not true. There’s a recent case where a small company called Intermotive had some tech they created for the market. They pitched ford the idea and Ford eventually stole it and told them to pound sand. The guy sued and won to the tune of $16M. OEMs are definitely assholes but there is a way to navigate becoming part of the supply chain. You just need to protect yourself and have an actual product, not just a prototype.",3,2026-04-27T04:31:22+00:00
ohubkuc,1stkty9,What does your day look like as an embedded systems engineer?,https://old.reddit.com/r/embedded/comments/1stkty9/what_does_your_day_look_like_as_an_embedded/,embedded,"Today I have 2 things to work on: a bunch of sample harnesses came in that were mispinned and I need to repin them and also do pull force tests on them. LVGL display for a product. It’s working, displaying data but it needs to interface with another device over uart. Rx is working but tx from the uart is not level shifting correctly. I am going to try to build something to get that sorted. The harnesses need to get done in the next day or two because we have to get to production with them but the display is an ongoing project which will take a couple months as the design goals solidify. We are usually working inside our core competence but there are always new things we need to figure out. We use dev boards often but will absolutely cobble together all sorts of parts for mockups.",5,2026-04-23T15:57:21+00:00
oheijz9,1srfv3l,Starting to get worried,https://old.reddit.com/r/embedded/comments/1srfv3l/starting_to_get_worried/,embedded,"Literally flooded. There are embedded boot camps, just much less but even with cs the vast number of people in the field does not equate to good problem solving either. Embedded is problematic for younger people because there is (currently) no throwing the LLM at a problem like “my code compiles but the sensor data isn’t coming back correct”. You actually have to sit and think about how to hook up test equipment and figure things out.",9,2026-04-21T07:08:59+00:00
ohegzpo,1srfv3l,Starting to get worried,https://old.reddit.com/r/embedded/comments/1srfv3l/starting_to_get_worried/,embedded,We posted our internships for the season and while the regular ones a got a few hits we got absolutely blown up by the embedded one. The thing is everyone wants in embedded for reasons that I don't understand. My younger coder tells me the youngsters think embedded is cool. The big issue is that the skills required are more advanced and I am not seeing particularly strong skill sets in the candidates.,30,2026-04-21T06:54:46+00:00
oggw4ee,1smtzwp,ESP32 or a STM32 for learning embedded?,https://old.reddit.com/r/embedded/comments/1smtzwp/esp32_or_a_stm32_for_learning_embedded/,embedded,The answer really depends on what you want to do or what interests you. Embedded is a big field. Either platform is good to learn and you can learn core concepts on either one. You would be well served to learn both.,1,2026-04-16T05:32:36+00:00
odwz98n,1salts5,Autosar course for beginner (Please don't link the rant),https://old.reddit.com/r/embedded/comments/1salts5/autosar_course_for_beginner_please_dont_link_the/,embedded,90% of this sub hates Autosar. I know guys making $130K/year doing Autosar MCAL. Both of these things are true.,5,2026-04-02T17:05:10+00:00
odivs2n,1s8hzzi,I tried to automate HMI testing on embedded linux targets and every path hit a wall,https://old.reddit.com/r/embedded/comments/1s8hzzi/i_tried_to_automate_hmi_testing_on_embedded_linux/,embedded,Rendered screen gets a checksum. You need to visually check once the screen matches the checksum then you can do it via the debug channel. Touch gets done via SPI emulation of the digitizer.,1,2026-03-31T16:05:38+00:00
oc5frgq,1s24b26,I want to use linux in windows 11 pro laptop for embedded development,https://old.reddit.com/r/embedded/comments/1s24b26/i_want_to_use_linux_in_windows_11_pro_laptop_for/,embedded,WSL2 for the win. It works great!,22,2026-03-24T04:48:22+00:00
oc2squc,1s1qsnp,What really happens when the code has to run on physical hardware and be certifiable,https://old.reddit.com/r/embedded/comments/1s1qsnp/what_really_happens_when_the_code_has_to_run_on/,embedded,"The feedback loop that makes agentic coding fast on the web is fast because the output is immediately observable in a browser and the cost of a wrong iteration is essentially zero. on embedded hardware that loop involves a physical device, a display with specific optical characteristics, and input mechanisms that have real physical tolerances. the agent can iterate as fast as it wants against a simulator. the simulator is not the device. The future paradigm for agentic coding on these platforms is something like agent->HIL multimedia processor -> GMSL -> integrated display/touchscreen with a custom FPGA that also sends the output to a digitizer that the agent can view. The agent can also touch the touchscreen via SPI. Once you do that you have 90% of testing done on something very close to production hardware. In terms of functional safety agentic only gets used on the HMI processor in the multimedia block, not with the safety processor which will remain using something like AUTOSAR.",4,2026-03-23T19:54:57+00:00
o9vb918,1rqsgt8,Production Unit Controller Issue,https://old.reddit.com/r/embedded/comments/1rqsgt8/production_unit_controller_issue/,embedded,STM32 is not automotive qualified. You would use something like ST560B family or NXP 5600/5700. There is some use of stm32 in automotive but it’s generally not considered appropriate for something like a transmission where a lack of safety features can lead to a critical failure.,2,2026-03-11T15:32:24+00:00
o796yez,1rdzkos,AI is going to replace embedded engineers.,https://old.reddit.com/r/embedded/comments/1rdzkos/ai_is_going_to_replace_embedded_engineers/,embedded,My guys literally will check to make sure my coffee mug is on my desk and half empty before they bother me with any level 3 issue.,9,2026-02-25T02:26:11+00:00
o78zvo4,1rdzkos,AI is going to replace embedded engineers.,https://old.reddit.com/r/embedded/comments/1rdzkos/ai_is_going_to_replace_embedded_engineers/,embedded,"How about this. If Claude's response to that prompt is ""Fuck Off"" then its well on its way to replacing me as a senior engineer.",511,2026-02-25T01:45:56+00:00
o6hx2qp,1ra3u4q,How do automotive ECU tool companies reverse engineer secur tricore based ECUs?,https://old.reddit.com/r/embedded/comments/1ra3u4q/how_do_automotive_ecu_tool_companies_reverse/,embedded,<image> Using something like this. (DUT is not tricore in the pic but you get the idea),10,2026-02-20T21:39:28+00:00
o5pkrju,1r69oxb,No device detected,https://old.reddit.com/r/embedded/comments/1r69oxb/no_device_detected/,embedded,Did you have Michael J Fox solder your board? I’m pretty sure that’s the issue.,7,2026-02-16T16:49:16+00:00
o5phatd,1r65ut3,How do you diagnose field failures in deployed devices when debug logs aren’t available?,https://old.reddit.com/r/embedded/comments/1r65ut3/how_do_you_diagnose_field_failures_in_deployed/,embedded,I have thousands of units in vehicles with a warranty period of 4 years but almost all of the units have lasted 15 years or longer. Using MISRA standards from the start keeps most of these failures from happening and really just limits you to dealing with hardware failures. You always want to get failed hardware back to do root cause analysis. With field updates whether OTA or not we fallback to a bootloader with some basic logging so you can see where in the process it failed. However in the lab someone’s job is supposed to be doing everything possible to hypothesize and create field failure modes and profile how the device responds. If you do this well you might get some failed updates but they will succeed on retry.,3,2026-02-16T16:33:21+00:00
o5ac8nu,1r4aeiu,Use cases for Edge AI outside of instant real-time inference,https://old.reddit.com/r/embedded/comments/1r4aeiu/use_cases_for_edge_ai_outside_of_instant_realtime/,embedded,Are you using FPGA? You can get crazy fast inference.,4,2026-02-14T04:08:31+00:00
